StartTime,RequestType,Latency,ResponseCode
1712606868642,POST,50322,0
1712606868775,POST,50197,0
1712606868673,POST,50299,0
1712606868775,POST,50198,0
1712606868725,POST,50249,0
1712606868736,POST,50238,0
1712606868761,POST,50213,0
1712606868767,POST,50207,0
1712606868751,POST,50223,0
1712606868729,POST,50245,0
1712606868755,POST,50220,0
1712606868604,POST,50371,0
1712606868753,POST,50222,0
1712606868732,POST,50243,0
1712606868771,POST,50204,0
1712606868753,POST,50222,0
1712606868770,POST,50205,0
1712606868727,POST,50249,0
1712606868750,POST,50226,0
1712606868748,POST,50228,0
1712606868724,POST,50252,0
1712606868770,POST,50206,0
1712606868752,POST,50224,0
1712606868712,POST,50264,0
1712606868605,POST,50371,0
1712606868749,POST,50227,0
1712606868759,POST,50217,0
1712606868767,POST,50209,0
1712606868760,POST,50216,0
1712606868603,POST,50373,0
1712606868765,POST,50212,0
1712606868651,POST,50326,0
1712606868610,POST,50367,0
1712606868730,POST,50247,0
1712606868636,POST,50341,0
1712606868775,POST,50202,0
1712606868612,POST,50365,0
1712606868757,POST,50221,0
1712606868768,POST,50210,0
1712606868758,POST,50220,0
1712606868612,POST,50366,0
1712606868657,POST,50321,0
1712606868755,POST,50223,0
1712606868633,POST,50345,0
1712606868767,POST,50211,0
1712606868693,POST,50286,0
1712606868711,POST,50268,0
1712606868738,POST,50241,0
1712606868749,POST,50231,0
1712606868774,POST,50207,0
1712606868760,POST,50221,0
1712606868734,POST,50247,0
1712606868665,POST,50316,0
1712606868754,POST,50227,0
1712606868761,POST,50220,0
1712606868611,POST,50370,0
1712606868764,POST,50217,0
1712606868768,POST,50213,0
1712606868766,POST,50216,0
1712606868750,POST,50232,0
1712606868733,POST,50249,0
1712606868623,POST,50359,0
1712606868750,POST,50232,0
1712606868609,POST,50373,0
1712606868610,POST,50373,0
1712606868754,POST,50229,0
1712606868756,POST,50228,0
1712606868762,POST,50222,0
1712606868756,POST,50228,0
1712606868761,POST,50223,0
1712606868751,POST,50233,0
1712606868773,POST,50211,0
1712606868769,POST,50215,0
1712606868760,POST,50224,0
1712606868732,POST,50253,0
1712606868768,POST,50217,0
1712606868627,POST,50358,0
1712606868624,POST,50361,0
1712606868771,POST,50214,0
1712606868720,POST,50265,0
1712606868775,POST,50210,0
1712606868769,POST,50216,0
1712606868767,POST,50218,0
1712606868674,POST,50311,0
1712606868762,POST,50224,0
1712606868762,POST,50224,0
1712606868631,POST,50355,0
1712606868753,POST,50233,0
1712606868671,POST,50315,0
1712606868755,POST,50231,0
1712606868761,POST,50225,0
1712606868725,POST,50261,0
1712606868766,POST,50220,0
1712606868758,POST,50228,0
1712606868760,POST,50226,0
1712606868700,POST,50286,0
1712606868751,POST,50236,0
1712606868758,POST,50229,0
1712606868719,POST,50268,0
1712606868754,POST,50233,0
1712606868757,POST,50230,0
1712606868721,POST,50266,0
1712606868768,POST,50219,0
1712606868774,POST,50213,0
1712606868758,POST,50229,0
1712606868769,POST,50218,0
1712606868759,POST,50229,0
1712606868756,POST,50232,0
1712606868762,POST,50226,0
1712606868757,POST,50231,0
1712606868748,POST,50240,0
1712606868655,POST,50333,0
1712606868660,POST,50328,0
1712606868609,POST,50379,0
1712606868760,POST,50228,0
1712606868705,POST,50283,0
1712606868728,POST,50260,0
1712606868680,POST,50308,0
1712606868749,POST,50239,0
1712606868728,POST,50261,0
1712606868762,POST,50227,0
1712606868757,POST,50232,0
1712606868611,POST,50378,0
1712606868733,POST,50256,0
1712606868774,POST,50215,0
1712606868755,POST,50234,0
1712606868755,POST,50234,0
1712606868774,POST,50215,0
1712606868628,POST,50361,0
1712606868638,POST,50351,0
1712606868618,POST,50371,0
1712606868723,POST,50267,0
1712606868754,POST,50236,0
1712606868770,POST,50220,0
1712606868689,POST,50301,0
1712606868762,POST,50228,0
1712606868761,POST,50229,0
1712606868757,POST,50233,0
1712606868731,POST,50259,0
1712606868711,POST,50279,0
1712606868759,POST,50231,0
1712606868751,POST,50239,0
1712606868705,POST,50285,0
1712606868761,POST,50229,0
1712606868762,POST,50229,0
1712606868775,POST,50216,0
1712606868728,POST,50263,0
1712606868609,POST,50382,0
1712606868733,POST,50258,0
1712606868605,POST,50386,0
1712606868767,POST,50224,0
1712606868726,POST,50269,0
1712606868757,POST,50239,0
1712606868753,POST,50243,0
1712606868685,POST,50313,0
1712606868626,POST,50374,0
1712606868756,POST,50245,0
1712606868752,POST,50249,0
1712606868774,POST,50227,0
1712606868756,POST,50245,0
1712606868759,POST,50242,0
1712606868609,POST,50392,0
1712606868750,POST,50251,0
1712606868761,POST,50240,0
1712606868731,POST,50271,0
1712606868733,POST,50269,0
1712606868773,POST,50229,0
1712606868748,POST,50254,0
1712606868765,POST,50238,0
1712606868765,POST,50238,0
1712606868769,POST,50234,0
1712606868761,POST,50243,0
1712606868717,POST,50287,0
1712606868770,POST,50234,0
1712606868776,POST,50228,0
1712606868769,POST,50235,0
1712606868771,POST,50233,0
1712606868759,POST,50245,0
1712606868756,POST,50248,0
1712606868711,POST,50293,0
1712606868765,POST,50239,0
1712606868748,POST,50257,0
1712606868723,POST,50282,0
1712606868760,POST,50245,0
1712606868608,POST,50397,0
1712606868612,POST,50393,0
1712606868734,POST,50271,0
1712606868704,POST,50301,0
1712606868770,POST,50235,0
1712606868670,POST,50335,0
1712606868760,POST,50245,0
1712606868771,POST,50234,0
1712606868612,POST,50393,0
1712606868758,POST,50248,0
1712606868697,POST,50309,0
1712606868758,POST,50248,0
1712606868625,POST,50381,0
1712606868712,POST,50294,0
1712606868770,POST,50236,0
1712606868662,POST,50344,0
1712606918976,POST,50018,0
1712606918981,POST,50013,0
1712606918981,POST,50013,0
1712606918983,POST,50011,0
1712606918981,POST,50015,0
1712606918982,POST,50014,0
1712606918982,POST,50014,0
1712606918982,POST,50014,0
1712606918984,POST,50013,0
1712606918984,POST,50013,0
1712606918984,POST,50013,0
1712606918984,POST,50013,0
1712606918985,POST,50012,0
1712606918983,POST,50014,0
1712606918984,POST,50013,0
1712606918985,POST,50012,0
1712606918984,POST,50013,0
1712606918986,POST,50011,0
1712606918985,POST,50012,0
1712606918985,POST,50013,0
1712606918985,POST,50013,0
1712606918981,POST,50017,0
1712606918985,POST,50013,0
1712606918986,POST,50012,0
1712606918987,POST,50011,0
1712606918985,POST,50013,0
1712606918984,POST,50014,0
1712606918986,POST,50012,0
1712606918982,POST,50016,0
1712606918987,POST,50011,0
1712606918987,POST,50011,0
1712606918986,POST,50012,0
1712606918987,POST,50011,0
1712606918985,POST,50013,0
1712606918988,POST,50011,0
1712606918984,POST,50015,0
1712606918979,POST,50020,0
1712606918986,POST,50013,0
1712606918986,POST,50013,0
1712606918986,POST,50013,0
1712606918988,POST,50011,0
1712606918986,POST,50014,0
1712606918987,POST,50013,0
1712606918986,POST,50014,0
1712606918981,POST,50019,0
1712606918987,POST,50013,0
1712606918989,POST,50011,0
1712606918990,POST,50010,0
1712606918990,POST,50011,0
1712606918988,POST,50013,0
1712606918988,POST,50013,0
1712606918989,POST,50012,0
1712606918990,POST,50011,0
1712606918986,POST,50015,0
1712606918977,POST,50024,0
1712606918982,POST,50019,0
1712606918974,POST,50028,0
1712606918976,POST,50026,0
1712606918979,POST,50024,0
1712606918973,POST,50030,0
1712606918975,POST,50028,0
1712606918988,POST,50015,0
1712606918975,POST,50028,0
1712606918975,POST,50028,0
1712606918982,POST,50022,0
1712606918971,POST,50033,0
1712606918989,POST,50015,0
1712606918974,POST,50030,0
1712606918990,POST,50014,0
1712606918988,POST,50016,0
1712606918989,POST,50015,0
1712606918974,POST,50030,0
1712606918976,POST,50029,0
1712606918977,POST,50028,0
1712606918981,POST,50024,0
1712606918988,POST,50017,0
1712606918976,POST,50029,0
1712606918979,POST,50026,0
1712606918975,POST,50031,0
1712606918978,POST,50028,0
1712606918977,POST,50029,0
1712606918978,POST,50028,0
1712606918981,POST,50026,0
1712606918974,POST,50033,0
1712606918978,POST,50029,0
1712606918976,POST,50032,0
1712606918976,POST,50032,0
1712606918976,POST,50032,0
1712606918989,POST,50019,0
1712606918991,POST,50017,0
1712606918995,POST,50013,0
1712606918989,POST,50019,0
1712606918978,POST,50032,0
1712606919002,POST,50008,0
1712606918976,POST,50035,0
1712606918996,POST,50015,0
1712606918974,POST,50037,0
1712606918996,POST,50015,0
1712606919000,POST,50011,0
1712606919004,POST,50007,0
1712606918977,POST,50034,0
1712606918990,POST,50021,0
1712606918990,POST,50021,0
1712606919004,POST,50007,0
1712606918991,POST,50021,0
1712606918989,POST,50023,0
1712606919005,POST,50007,0
1712606919002,POST,50010,0
1712606918978,POST,50034,0
1712606918991,POST,50021,0
1712606919005,POST,50008,0
1712606918978,POST,50035,0
1712606918980,POST,50033,0
1712606918991,POST,50022,0
1712606919004,POST,50009,0
1712606918987,POST,50026,0
1712606918987,POST,50026,0
1712606918972,POST,50041,0
1712606918977,POST,50034,0
1712606918972,POST,50039,0
1712606918990,POST,50021,0
1712606918975,POST,50038,0
1712606918976,POST,50035,0
1712606918985,POST,50028,0
1712606918991,POST,50022,0
1712606918978,POST,50035,0
1712606918981,POST,50032,0
1712606918976,POST,50037,0
1712606919005,POST,50008,0
1712606918977,POST,50036,0
1712606919006,POST,50007,0
1712606919005,POST,50008,0
1712606918981,POST,50032,0
1712606919005,POST,50008,0
1712606919004,POST,50009,0
1712606918988,POST,50025,0
1712606919002,POST,50011,0
1712606919005,POST,50008,0
1712606919004,POST,50009,0
1712606919003,POST,50010,0
1712606918978,POST,50035,0
1712606919001,POST,50013,0
1712606919001,POST,50013,0
1712606918975,POST,50039,0
1712606918998,POST,50016,0
1712606919005,POST,50009,0
1712606919005,POST,50009,0
1712606919005,POST,50009,0
1712606919001,POST,50013,0
1712606918989,POST,50025,0
1712606918988,POST,50026,0
1712606918990,POST,50023,0
1712606919001,POST,50013,0
1712606918975,POST,50038,0
1712606918988,POST,50026,0
1712606918989,POST,50025,0
1712606918990,POST,50024,0
1712606919002,POST,50012,0
1712606918976,POST,50037,0
1712606918976,POST,50029,0
1712606919003,POST,50011,0
1712606919004,POST,50013,0
1712606919006,POST,50012,0
1712606918990,POST,50028,0
1712606919004,POST,50016,0
1712606919004,POST,50018,0
1712606918976,POST,50046,0
1712606919005,POST,50017,0
1712606919001,POST,50021,0
1712606918990,POST,50033,0
1712606918991,POST,50033,0
1712606918989,POST,50035,0
1712606918990,POST,50034,0
1712606918988,POST,50036,0
1712606918987,POST,50038,0
1712606918987,POST,50038,0
1712606919005,POST,50020,0
1712606919005,POST,50020,0
1712606918975,POST,50051,0
1712606919006,POST,50020,0
1712606918988,POST,50038,0
1712606918989,POST,50037,0
1712606918990,POST,50036,0
1712606918988,POST,50038,0
1712606918986,POST,50040,0
1712606918986,POST,50040,0
1712606918991,POST,50036,0
1712606918977,POST,50050,0
1712606919006,POST,50021,0
1712606919001,POST,50026,0
1712606918986,POST,50041,0
1712606918989,POST,50038,0
1712606919003,POST,50025,0
1712606919006,POST,50022,0
1712606919004,POST,50024,0
1712606919006,POST,50022,0
1712606919006,POST,50022,0
1712606919001,POST,50028,0
1712606919001,POST,50028,0
1712606919005,POST,50026,0
1712606969028,POST,50011,0
1712606969004,POST,50035,0
1712606969012,POST,50027,0
1712606969008,POST,50031,0
1712606969000,POST,50039,0
1712606969000,POST,50039,0
1712606969006,POST,50033,0
1712606969004,POST,50036,0
1712606969006,POST,50034,0
1712606969004,POST,50036,0
1712606968997,POST,50043,0
1712606968997,POST,50043,0
1712606968998,POST,50042,0
1712606969011,POST,50030,0
1712606969001,POST,50040,0
1712606969013,POST,50028,0
1712606969022,POST,50019,0
1712606969010,POST,50032,0
1712606969024,POST,50018,0
1712606968998,POST,50044,0
1712606969004,POST,50038,0
1712606969007,POST,50035,0
1712606969012,POST,50030,0
1712606969005,POST,50038,0
1712606968996,POST,50047,0
1712606969003,POST,50040,0
1712606969003,POST,50040,0
1712606968996,POST,50047,0
1712606968997,POST,50046,0
1712606969008,POST,50035,0
1712606969013,POST,50030,0
1712606969012,POST,50032,0
1712606968994,POST,50050,0
1712606969013,POST,50031,0
1712606969003,POST,50041,0
1712606969008,POST,50036,0
1712606969007,POST,50037,0
1712606968997,POST,50047,0
1712606969011,POST,50033,0
1712606969005,POST,50039,0
1712606969011,POST,50033,0
1712606968998,POST,50046,0
1712606969004,POST,50040,0
1712606968998,POST,50046,0
1712606969011,POST,50034,0
1712606969017,POST,50028,0
1712606968994,POST,50051,0
1712606969018,POST,50027,0
1712606969011,POST,50034,0
1712606969011,POST,50034,0
1712606969003,POST,50042,0
1712606968998,POST,50047,0
1712606968994,POST,50051,0
1712606969000,POST,50045,0
1712606968997,POST,50048,0
1712606969012,POST,50033,0
1712606969013,POST,50033,0
1712606969001,POST,50045,0
1712606969013,POST,50033,0
1712606969001,POST,50045,0
1712606968997,POST,50049,0
1712606969006,POST,50040,0
1712606969003,POST,50043,0
1712606969010,POST,50036,0
1712606969008,POST,50038,0
1712606969013,POST,50033,0
1712606969014,POST,50032,0
1712606969005,POST,50041,0
1712606969012,POST,50034,0
1712606968994,POST,50053,0
1712606968997,POST,50050,0
1712606968998,POST,50049,0
1712606969005,POST,50042,0
1712606968996,POST,50051,0
1712606969013,POST,50034,0
1712606969003,POST,50044,0
1712606969011,POST,50036,0
1712606969011,POST,50036,0
1712606969001,POST,50047,0
1712606968997,POST,50051,0
1712606968999,POST,50049,0
1712606968998,POST,50050,0
1712606969000,POST,50049,0
1712606969000,POST,50051,0
1712606968997,POST,50054,0
1712606968998,POST,50055,0
1712606969020,POST,50033,0
1712606969007,POST,50046,0
1712606969012,POST,50041,0
1712606969013,POST,50041,0
1712606969005,POST,50049,0
1712606969014,POST,50040,0
1712606969006,POST,50049,0
1712606969029,POST,50026,0
1712606969000,POST,50055,0
1712606968999,POST,50059,0
1712606969001,POST,50057,0
1712606969014,POST,50044,0
1712606969004,POST,50055,0
1712606969014,POST,50045,0
1712606969008,POST,50051,0
1712606969014,POST,50046,0
1712606969014,POST,50046,0
1712606969027,POST,50033,0
1712606968998,POST,50062,0
1712606969014,POST,50046,0
1712606969001,POST,50059,0
1712606969018,POST,50042,0
1712606968999,POST,50061,0
1712606968998,POST,50062,0
1712606969023,POST,50037,0
1712606969013,POST,50047,0
1712606969026,POST,50034,0
1712606969014,POST,50047,0
1712606969013,POST,50047,0
1712606968998,POST,50063,0
1712606969013,POST,50047,0
1712606969014,POST,50048,0
1712606969011,POST,50052,0
1712606969004,POST,50059,0
1712606969013,POST,50050,0
1712606969027,POST,50036,0
1712606969014,POST,50049,0
1712606968997,POST,50067,0
1712606969002,POST,50064,0
1712606969014,POST,50052,0
1712606969026,POST,50040,0
1712606969029,POST,50037,0
1712606969026,POST,50040,0
1712606969025,POST,50041,0
1712606969001,POST,50065,0
1712606969013,POST,50054,0
1712606969028,POST,50039,0
1712606969013,POST,50054,0
1712606969027,POST,50040,0
1712606969013,POST,50054,0
1712606969013,POST,50054,0
1712606969013,POST,50054,0
1712606969013,POST,50054,0
1712606969031,POST,50037,0
1712606968999,POST,50069,0
1712606969013,POST,50056,0
1712606969000,POST,50069,0
1712606969025,POST,50044,0
1712606968999,POST,50071,0
1712606969025,POST,50045,0
1712606969014,POST,50056,0
1712606969008,POST,50063,0
1712606969022,POST,50049,0
1712606969028,POST,50044,0
1712606969002,POST,50070,0
1712606969013,POST,50059,0
1712606969013,POST,50059,0
1712606969014,POST,50058,0
1712606969027,POST,50045,0
1712606968996,POST,50076,0
1712606969022,POST,50050,0
1712606968999,POST,50073,0
1712606969027,POST,50045,0
1712606969014,POST,50058,0
1712606969026,POST,50046,0
1712606969005,POST,50067,0
1712606969028,POST,50044,0
1712606969013,POST,50059,0
1712606969013,POST,50059,0
1712606968998,POST,50074,0
1712606969014,POST,50058,0
1712606969027,POST,50045,0
1712606968998,POST,50074,0
1712606969026,POST,50046,0
1712606969024,POST,50048,0
1712606969013,POST,50059,0
1712606969013,POST,50059,0
1712606969014,POST,50059,0
1712606969004,POST,50069,0
1712606968997,POST,50076,0
1712606969026,POST,50047,0
1712606969013,POST,50060,0
1712606969014,POST,50059,0
1712606969001,POST,50072,0
1712606969028,POST,50045,0
1712606969024,POST,50049,0
1712606969013,POST,50060,0
1712606969014,POST,50059,0
1712606969024,POST,50050,0
1712606968998,POST,50076,0
1712606969013,POST,50061,0
1712606969013,POST,50061,0
1712606969014,POST,50060,0
1712606969013,POST,50061,0
1712606969027,POST,50047,0
1712606968998,POST,50076,0
1712606969013,POST,50061,0
1712606969014,POST,50060,0
1712606968999,POST,50075,0
1712606969026,POST,50048,0
1712606969008,POST,50066,0
1712606969025,POST,50050,0
1712606969022,POST,50053,0
1712606969013,POST,50062,0
1712607019044,POST,58971,201
1712607019053,POST,61079,201
1712607019045,POST,61087,201
1712607019044,POST,61089,201
1712607019040,POST,61093,201
1712607019042,POST,61091,201
1712607019053,POST,61080,201
1712607019051,POST,61082,201
1712607019046,POST,61087,201
1712607019042,POST,61092,201
1712607019040,POST,61094,201
1712607019047,POST,61087,201
1712607019053,POST,61081,201
1712607019043,POST,61091,201
1712607019040,POST,61094,201
1712607019042,POST,61092,201
1712607019045,POST,61090,201
1712607019043,POST,61093,201
1712607019044,POST,61092,201
1712607019043,POST,61094,201
1712607019045,POST,61092,201
1712607019043,POST,61094,201
1712607019047,POST,61090,201
1712607019045,POST,61092,201
1712607080133,POST,16,201
1712607080133,POST,17,201
1712607080134,POST,16,201
1712607080134,POST,16,201
1712607080133,POST,17,201
1712607080133,POST,18,201
1712607080133,POST,18,201
1712607080134,POST,17,201
1712607080132,POST,19,201
1712607080132,POST,19,201
1712607080134,POST,18,201
1712607080134,POST,18,201
1712607080133,POST,19,201
1712607080136,POST,16,201
1712607080135,POST,17,201
1712607080136,POST,16,201
1712607080134,POST,19,201
1712607080137,POST,16,201
1712607080137,POST,18,201
1712607080137,POST,18,201
1712607080137,POST,18,201
1712607080137,POST,18,201
1712607080134,POST,21,201
1712607080149,POST,16,201
1712607080150,POST,15,201
1712607080150,POST,15,201
1712607080150,POST,15,201
1712607080150,POST,16,201
1712607080151,POST,15,201
1712607080151,POST,16,201
1712607080151,POST,16,201
1712607080151,POST,16,201
1712607080151,POST,16,201
1712607080152,POST,17,201
1712607080152,POST,17,201
1712607080152,POST,17,201
1712607080153,POST,16,201
1712607080152,POST,18,201
1712607080153,POST,17,201
1712607080152,POST,18,201
1712607080152,POST,18,201
1712607080155,POST,15,201
1712607080155,POST,15,201
1712607080155,POST,15,201
1712607080155,POST,15,201
1712607080155,POST,18,201
1712607080165,POST,16,201
1712607080165,POST,16,201
1712607080165,POST,16,201
1712607080165,POST,16,201
1712607080166,POST,15,201
1712607080166,POST,16,201
1712607080167,POST,15,201
1712607080167,POST,15,201
1712607080167,POST,15,201
1712607080167,POST,16,201
1712607080169,POST,16,201
1712607080169,POST,16,201
1712607080169,POST,18,201
1712607080170,POST,17,201
1712607080170,POST,17,201
1712607080170,POST,18,201
1712607080170,POST,18,201
1712607080170,POST,18,201
1712607080169,POST,19,201
1712607080170,POST,18,201
1712607080170,POST,18,201
1712607080170,POST,18,201
1712607080173,POST,15,201
1712607080181,POST,16,201
1712607080181,POST,16,201
1712607080181,POST,16,201
1712607080181,POST,16,201
1712607080182,POST,17,201
1712607080181,POST,18,201
1712607080182,POST,17,201
1712607080182,POST,17,201
1712607080182,POST,17,201
1712607080185,POST,15,201
1712607080183,POST,17,201
1712607080185,POST,15,201
1712607080187,POST,15,201
1712607080187,POST,16,201
1712607080188,POST,16,201
1712607080188,POST,17,201
1712607080188,POST,17,201
1712607080187,POST,18,201
1712607080188,POST,17,201
1712607080188,POST,17,201
1712607080188,POST,17,201
1712607080188,POST,18,201
1712607080197,POST,15,201
1712607080197,POST,15,201
1712607080197,POST,15,201
1712607080197,POST,15,201
1712607080199,POST,14,201
1712607080199,POST,15,201
1712607080199,POST,15,201
1712607080199,POST,15,201
1712607080199,POST,15,201
1712607080200,POST,17,201
1712607080200,POST,17,201
1712607080200,POST,17,201
1712607080202,POST,15,201
1712607080203,POST,16,201
1712607080204,POST,15,201
1712607080205,POST,15,201
1712607080205,POST,15,201
1712607080205,POST,16,201
1712607080205,POST,16,201
1712607080205,POST,17,201
1712607080205,POST,17,201
1712607080206,POST,17,201
1712607080212,POST,15,201
1712607080212,POST,16,201
1712607080212,POST,16,201
1712607080212,POST,17,201
1712607080213,POST,16,201
1712607080214,POST,16,201
1712607080214,POST,16,201
1712607080214,POST,16,201
1712607080214,POST,17,201
1712607080217,POST,14,201
1712607080217,POST,14,201
1712607080217,POST,15,201
1712607080217,POST,15,201
1712607080219,POST,15,201
1712607080219,POST,15,201
1712607080220,POST,15,201
1712607080220,POST,15,201
1712607080221,POST,14,201
1712607080221,POST,16,201
1712607080222,POST,15,201
1712607080222,POST,15,201
1712607080223,POST,16,201
1712607080228,POST,15,201
1712607080228,POST,15,201
1712607080227,POST,16,201
1712607080229,POST,16,201
1712607080229,POST,16,201
1712607080230,POST,18,201
1712607080230,POST,18,201
1712607080230,POST,18,201
1712607080231,POST,17,201
1712607080232,POST,16,201
1712607080231,POST,17,201
1712607080231,POST,17,201
1712607080232,POST,16,201
1712607080234,POST,14,201
1712607080234,POST,14,201
1712607080235,POST,15,201
1712607080235,POST,16,201
1712607080235,POST,16,201
1712607080237,POST,14,201
1712607080237,POST,14,201
1712607080237,POST,16,201
1712607080239,POST,18,201
1712607080243,POST,16,201
1712607080243,POST,16,201
1712607080243,POST,16,201
1712607080245,POST,15,201
1712607080245,POST,15,201
1712607080248,POST,15,201
1712607080248,POST,15,201
1712607080248,POST,17,201
1712607080248,POST,17,201
1712607080248,POST,17,201
1712607080248,POST,17,201
1712607080248,POST,17,201
1712607080248,POST,17,201
1712607080248,POST,17,201
1712607080248,POST,17,201
1712607080251,POST,15,201
1712607080251,POST,15,201
1712607080250,POST,16,201
1712607080251,POST,16,201
1712607080252,POST,15,201
1712607080253,POST,19,201
1712607080259,POST,17,201
1712607080257,POST,19,201
1712607080259,POST,17,201
1712607080259,POST,17,201
1712607080260,POST,16,201
1712607080260,POST,16,201
1712607080263,POST,16,201
1712607080263,POST,16,201
1712607080265,POST,16,201
1712607080265,POST,16,201
1712607080265,POST,16,201
1712607080265,POST,16,201
1712607080265,POST,16,201
1712607080265,POST,16,201
1712607080265,POST,16,201
1712607080265,POST,16,201
1712607080266,POST,16,201
1712607080266,POST,16,201
1712607080266,POST,16,201
1712607080267,POST,15,201
1712607080267,POST,15,201
1712607080272,POST,16,201
1712607080276,POST,15,201
1712607080276,POST,15,201
1712607080276,POST,15,201
1712607080276,POST,15,201
1712607080276,POST,16,201
1712607080276,POST,16,201
1712607080279,POST,15,201
1712607080279,POST,15,201
1712607080281,POST,14,201
1712607080281,POST,15,201
1712607080281,POST,15,201
1712607080281,POST,17,201
1712607080281,POST,17,201
1712607080281,POST,17,201
1712607080281,POST,17,201
1712607080282,POST,16,201
1712607080281,POST,17,201
1712607080282,POST,16,201
1712607080282,POST,16,201
1712607080282,POST,16,201
1712607080282,POST,16,201
1712607080288,POST,15,201
1712607080291,POST,16,201
1712607080291,POST,16,201
1712607080291,POST,16,201
1712607080292,POST,15,201
1712607080291,POST,16,201
1712607080292,POST,15,201
1712607080294,POST,15,201
1712607080294,POST,15,201
1712607080295,POST,16,201
1712607080296,POST,15,201
1712607080296,POST,16,201
1712607080298,POST,17,201
1712607080298,POST,17,201
1712607080298,POST,17,201
1712607080298,POST,17,201
1712607080298,POST,17,201
1712607080298,POST,17,201
1712607080298,POST,17,201
1712607080298,POST,17,201
1712607080298,POST,18,201
1712607080298,POST,18,201
1712607080303,POST,16,201
1712607080307,POST,17,201
1712607080307,POST,17,201
1712607080307,POST,17,201
1712607080307,POST,17,201
1712607080307,POST,17,201
1712607080309,POST,15,201
1712607080307,POST,17,201
1712607080309,POST,16,201
1712607080311,POST,14,201
1712607080311,POST,15,201
1712607080312,POST,15,201
1712607080315,POST,16,201
1712607080315,POST,16,201
1712607080315,POST,18,201
1712607080316,POST,17,201
1712607080315,POST,18,201
1712607080315,POST,18,201
1712607080315,POST,18,201
1712607080315,POST,18,201
1712607080315,POST,18,201
1712607080316,POST,17,201
1712607080319,POST,15,201
1712607080324,POST,15,201
1712607080324,POST,15,201
1712607080324,POST,16,201
1712607080324,POST,16,201
1712607080324,POST,16,201
1712607080324,POST,16,201
1712607080324,POST,16,201
1712607080325,POST,15,201
1712607080325,POST,15,201
1712607080326,POST,14,201
1712607080327,POST,15,201
1712607080331,POST,15,201
1712607080331,POST,15,201
1712607080333,POST,14,201
1712607080333,POST,14,201
1712607080333,POST,16,201
1712607080333,POST,16,201
1712607080333,POST,16,201
1712607080333,POST,16,201
1712607080333,POST,17,201
1712607080333,POST,17,201
1712607080334,POST,17,201
1712607080339,POST,16,201
1712607080339,POST,16,201
1712607080340,POST,15,201
1712607080340,POST,15,201
1712607080340,POST,17,201
1712607080340,POST,17,201
1712607080340,POST,17,201
1712607080340,POST,17,201
1712607080340,POST,17,201
1712607080340,POST,17,201
1712607080342,POST,16,201
1712607080346,POST,16,201
1712607080346,POST,16,201
1712607080347,POST,15,201
1712607080347,POST,16,201
1712607080349,POST,14,201
1712607080349,POST,14,201
1712607080349,POST,15,201
1712607080349,POST,15,201
1712607080350,POST,16,201
1712607080350,POST,16,201
1712607080351,POST,15,201
1712607080355,POST,15,201
1712607080355,POST,15,201
1712607080355,POST,15,201
1712607080355,POST,15,201
1712607080357,POST,15,201
1712607080357,POST,15,201
1712607080357,POST,15,201
1712607080357,POST,15,201
1712607080357,POST,15,201
1712607080357,POST,15,201
1712607080358,POST,16,201
1712607080362,POST,16,201
1712607080363,POST,15,201
1712607080362,POST,18,201
1712607080363,POST,17,201
1712607080362,POST,18,201
1712607080363,POST,17,201
1712607080364,POST,16,201
1712607080364,POST,16,201
1712607080366,POST,16,201
1712607080366,POST,16,201
1712607080366,POST,16,201
1712607080370,POST,15,201
1712607080370,POST,15,201
1712607080370,POST,15,201
1712607080370,POST,15,201
1712607080372,POST,14,201
1712607080372,POST,14,201
1712607080372,POST,15,201
1712607080372,POST,15,201
1712607080372,POST,15,201
1712607080372,POST,15,201
1712607080374,POST,15,201
1712607080378,POST,15,201
1712607080378,POST,15,201
1712607080380,POST,16,201
1712607080380,POST,16,201
1712607080380,POST,17,201
1712607080380,POST,17,201
1712607080380,POST,17,201
1712607080380,POST,17,201
1712607080382,POST,17,201
1712607080382,POST,18,201
1712607080385,POST,15,201
1712607080382,POST,19,201
1712607080385,POST,16,201
1712607080385,POST,16,201
1712607080385,POST,16,201
1712607080386,POST,16,201
1712607080387,POST,15,201
1712607080386,POST,16,201
1712607080387,POST,15,201
1712607080387,POST,16,201
1712607080387,POST,16,201
1712607080389,POST,16,201
1712607080393,POST,15,201
1712607080393,POST,15,201
1712607080396,POST,17,201
1712607080396,POST,17,201
1712607080397,POST,16,201
1712607080397,POST,16,201
1712607080397,POST,16,201
1712607080397,POST,16,201
1712607080400,POST,14,201
1712607080400,POST,14,201
1712607080399,POST,18,201
1712607080401,POST,16,201
1712607080401,POST,16,201
1712607080401,POST,16,201
1712607080401,POST,16,201
1712607080402,POST,15,201
1712607080402,POST,15,201
1712607080402,POST,15,201
1712607080402,POST,15,201
1712607080403,POST,15,201
1712607080403,POST,15,201
1712607080405,POST,15,201
1712607080408,POST,15,201
1712607080408,POST,15,201
1712607019058,POST,62971,201
1712607019046,POST,62983,201
1712607019044,POST,62987,201
1712607019051,POST,62980,201
1712607019039,POST,62992,201
1712607019048,POST,62985,201
1712607019048,POST,62985,201
1712607019046,POST,62987,201
1712607019045,POST,62988,201
1712607019040,POST,62993,201
1712607019045,POST,62988,201
1712607019054,POST,62979,201
1712607019047,POST,62986,201
1712607019047,POST,62986,201
1712607019044,POST,62989,201
1712607082031,POST,44,201
1712607082029,POST,46,201
1712607082029,POST,46,201
1712607082033,POST,42,201
1712607082031,POST,44,201
1712607082033,POST,42,201
1712607082033,POST,42,201
1712607082031,POST,44,201
1712607082033,POST,42,201
1712607082033,POST,42,201
1712607082033,POST,42,201
1712607082033,POST,42,201
1712607082033,POST,42,201
1712607082033,POST,42,201
1712607082033,POST,42,201
1712607082075,POST,2049,201
1712607082075,POST,2049,201
1712607082075,POST,2049,201
1712607082075,POST,2049,201
1712607082075,POST,2049,201
1712607082075,POST,2050,201
1712607082075,POST,517989,201
1712607080188,POST,519882,201
1712607600064,POST,22,201
1712607600070,POST,16,201
1712607600086,POST,16,201
1712607600086,POST,16,201
1712607600102,POST,17,201
1712607600102,POST,19,201
1712607019045,POST,585204,201
1712607019047,POST,585202,201
1712607019048,POST,585204,201
1712607019045,POST,585207,201
1712607019066,POST,585186,201
1712607019063,POST,585189,201
1712607019066,POST,585186,201
1712607019039,POST,585213,201
1712607019068,POST,585185,201
1712607019042,POST,585211,201
1712607019069,POST,585184,201
1712607019060,POST,585193,201
1712607019047,POST,585207,201
1712607019054,POST,585200,201
1712607019044,POST,585210,201
1712607019066,POST,585188,201
1712607019062,POST,585192,201
1712607019043,POST,585211,201
1712607019067,POST,585187,201
1712607019072,POST,585182,201
1712607019067,POST,585188,201
1712607019039,POST,585216,201
1712607019039,POST,585216,201
1712607019060,POST,585195,201
1712607019044,POST,585211,201
1712607019070,POST,585185,201
1712607019046,POST,585209,201
1712607019068,POST,585187,201
1712607019069,POST,585186,201
1712607019074,POST,585181,201
1712607019066,POST,585189,201
1712607019072,POST,585183,201
1712607019063,POST,585192,201
1712607019039,POST,585216,201
1712607019055,POST,585200,201
1712607019067,POST,589037,0
1712607019060,POST,589044,0
1712607019067,POST,589037,0
1712607019067,POST,589037,0
1712607019048,POST,589057,0
1712607019066,POST,589039,0
1712607019067,POST,589038,0
1712607019046,POST,589059,0
1712607019060,POST,589045,0
1712607019064,POST,589041,0
1712607019061,POST,589044,0
1712607019049,POST,589056,0
1712607019060,POST,589046,0
1712607019066,POST,589040,0
1712607019054,POST,589052,0
1712607019042,POST,589064,0
1712607019063,POST,589043,0
1712607019041,POST,589065,0
1712607019043,POST,589064,0
1712607019043,POST,589064,0
1712607019073,POST,589034,0
1712607019045,POST,589062,0
1712607019045,POST,589062,0
1712607019059,POST,589049,0
1712607019072,POST,589036,0
1712607019073,POST,589035,0
1712607019074,POST,589034,0
1712607019055,POST,589053,0
1712607019072,POST,589036,0
1712607019071,POST,589037,0
1712607019063,POST,589045,0
1712607019069,POST,589039,0
1712607019060,POST,589048,0
1712607019058,POST,589050,0
1712607019074,POST,589034,0
1712607019072,POST,589036,0
1712607019074,POST,589034,0
1712607019061,POST,589048,0
1712607019060,POST,589050,0
1712607019072,POST,589038,0
1712607019073,POST,589037,0
1712607019072,POST,589038,0
1712607019072,POST,589038,0
1712607019072,POST,589040,0
1712607019060,POST,589052,0
1712607019073,POST,589039,0
1712607019045,POST,589068,0
1712607019060,POST,589053,0
1712607019073,POST,589040,0
1712607019046,POST,589067,0
1712607019059,POST,589054,0
1712607019061,POST,589052,0
1712607019073,POST,589040,0
1712607019072,POST,589041,0
1712607019073,POST,589040,0
1712607019073,POST,589040,0
1712607019055,POST,589058,0
1712607019060,POST,589053,0
1712607019074,POST,589039,0
1712607019074,POST,589039,0
1712607019060,POST,589053,0
1712607019073,POST,589040,0
1712607019074,POST,589039,0
1712607019072,POST,589042,0
1712607019070,POST,589044,0
1712607019075,POST,589039,0
1712607019072,POST,589042,0
1712607019072,POST,589042,0
1712607019072,POST,589042,0
1712607019075,POST,589039,0
1712607019059,POST,589055,0
1712607019073,POST,589041,0
1712607019072,POST,589042,0
1712607019074,POST,589041,0
1712607019072,POST,589043,0
1712607019072,POST,589043,0
1712607019070,POST,589045,0
1712607019045,POST,589076,0
1712607019046,POST,589075,0
1712607019046,POST,589075,0
1712607019047,POST,589075,0
1712607019039,POST,589083,0
1712607019041,POST,589081,0
1712607019047,POST,589075,0
1712607019046,POST,589076,0
1712607019053,POST,589070,0
1712607019041,POST,589084,0
1712607019046,POST,589079,0
1712607019040,POST,589085,0
1712607019044,POST,589081,0
1712607019046,POST,589079,0
1712607019042,POST,589084,0
1712607019040,POST,589086,0
1712607019044,POST,589082,0
1712607019046,POST,589080,0
1712607019046,POST,589080,0
1712607019039,POST,589087,0
1712607019041,POST,589085,0
1712607019044,POST,589082,0
1712607019047,POST,589080,0
1712607019072,POST,590930,201
1712607019072,POST,590931,201
1712607019067,POST,590936,201
1712607019072,POST,590931,201
1712607019072,POST,590931,201
1712607019044,POST,590960,201
1712607019044,POST,590960,201
1712607019067,POST,590937,201
1712607019074,POST,590930,201
1712607019066,POST,590938,201
1712607019044,POST,590960,201
1712607019075,POST,590929,201
1712607019060,POST,590944,201
1712607019043,POST,590961,201
1712607019072,POST,590932,201
1712607019072,POST,590932,201
1712607019074,POST,590931,201
1712607019073,POST,590932,201
1712607019074,POST,590931,201
1712607610003,POST,15,201
1712607610004,POST,14,201
1712607610004,POST,14,201
17126076